{
  "hash": "5029e7130e3f54d83241fc7f34bb2a2f",
  "result": {
    "engine": "knitr",
    "markdown": "---\ntitle: \"Palau 2024\"\nsubtitle: \"Data analyses\"\nauthor: \"Juan Mayorga\"\nnumber-sections: false\ndate: today\ntheme: cosmo\nformat: \n  html:\n    self-contained: true\n    code-fold: true\n    toc: true\n    toc-location: right\n---\n\n::: {.cell}\n\n:::\n\n\n# Vessel track\n\n\n\n\n\nThe Argo traveled a total of 674 km during this expedition. \n\n\n::: {.cell .caption-margin}\n::: {#fig-track .cell-output-display}\n\n```{=html}\n<div class=\"leaflet html-widget html-fill-item\" id=\"htmlwidget-58339057b59669d552c2\" style=\"width:100%;height:464px;\"></div>\n<script type=\"application/json\" data-for=\"htmlwidget-58339057b59669d552c2\">{\"x\":{\"options\":{\"minZoom\":1,\"maxZoom\":52,\"crs\":{\"crsClass\":\"L.CRS.EPSG3857\",\"code\":null,\"proj4def\":null,\"projectedBounds\":null,\"options\":{}},\"preferCanvas\":false,\"bounceAtZoomLimits\":false,\"maxBounds\":[[[-90,-370]],[[90,370]]]},\"calls\":[{\"method\":\"addProviderTiles\",\"args\":[\"Esri.WorldImagery\",\"Esri.WorldImagery\",\"Esri.WorldImagery\",{\"errorTileUrl\":\"\",\"noWrap\":false,\"detectRetina\":false,\"pane\":\"tilePane\"}]},{\"method\":\"createMapPane\",\"args\":[\"line\",430]},{\"method\":\"addPolylines\",\"args\":[[[[{\"lng\":[134.456645,134.301543,134.30174],\"lat\":[7.330638,7.271477,7.271142]}]],[[{\"lng\":[134.253037,134.187128,134.024427,133.524973,133.431273,132.822833,132.218512,132.217507,132.214875,132.215628,132.214792,132.213552],\"lat\":[6.899457,6.82429,6.696388,6.322667,6.251387,5.788193,5.316888,5.321518,5.322582,5.322647,5.32424,5.314787]}]],[[{\"lng\":[132.20814,132.199067,132.21086,132.21699,132.103332,131.943872,132.213978,132.297767,132.301963,132.300842],\"lat\":[5.314445,5.324973,5.32228,5.321563,4.976637,4.653692,4.396843,4.304928,4.303778,4.30765]}]],[[{\"lng\":[131.11814,131.116907,131.116335,131.11542,131.116842,131.118407,131.117615,131.116545],\"lat\":[3.000952,3.001643,3.002053,3.002093,3.004585,3.000422,3.004507,3.002487]}]],[[{\"lng\":[134.37104,134.382863],\"lat\":[7.690565,7.69452]}]],[[{\"lng\":[134.343105,134.428123,134.378373,134.398335,134.40134],\"lat\":[7.649312,7.859132,7.860408,7.867825,7.911252]}]],[[{\"lng\":[134.411592,134.389437,134.464477],\"lat\":[7.855088,7.853138,7.89056]}]],[[{\"lng\":[134.524825,134.53104,134.549427,134.492697,134.232752,134.174383,134.169862,134.152747,134.196427,134.201148,134.19037,134.192198,134.230912,134.227903,134.220372,134.457665,134.456537],\"lat\":[7.780208,7.780972,7.779808,7.79387,7.391375,7.313488,7.226752,7.234317,7.224985,7.224238,7.155192,7.15833,7.29111,7.091168,7.105247,7.330262,7.330772]}]]],null,\"RV ARGO\",{\"crs\":{\"crsClass\":\"L.CRS.EPSG3857\",\"code\":null,\"proj4def\":null,\"projectedBounds\":null,\"options\":{}},\"pane\":\"line\",\"stroke\":true,\"color\":\"#FFD700\",\"weight\":2,\"opacity\":0.9,\"fill\":false,\"fillColor\":\"#6666FF\",\"fillOpacity\":1,\"smoothFactor\":1,\"noClip\":false},[\"<div class='scrollableContainer'><table class=mapview-popup id='popup'><tr class='coord'><td><\\/td><th><b>Feature ID&emsp;<\\/b><\\/th><td>1&emsp;<\\/td><\\/tr><tr><td>1<\\/td><th>type&emsp;<\\/th><td>track&emsp;<\\/td><\\/tr><tr><td>2<\\/td><th>segId&emsp;<\\/th><td>312208000-2024-01-19T21:57:04.000000Z&emsp;<\\/td><\\/tr><tr><td>3<\\/td><th>coordinateProperties&emsp;<\\/th><td>{ \\\"courses\\\": [ 16, 358.19999999999999, 158 ], \\\"times\\\": [ 1705926780000, 1706011347000, 1706015133000 ], \\\"speeds\\\": [ 0, 0.10000000000000001, 0.10000000000000001 ], \\\"fishing\\\": [ null, null, null ] }&emsp;<\\/td><\\/tr><tr><td>4<\\/td><th>geometry&emsp;<\\/th><td>sfc_LINESTRING&emsp;<\\/td><\\/tr><\\/table><\\/div>\",\"<div class='scrollableContainer'><table class=mapview-popup id='popup'><tr class='coord'><td><\\/td><th><b>Feature ID&emsp;<\\/b><\\/th><td>2&emsp;<\\/td><\\/tr><tr><td>1<\\/td><th>type&emsp;<\\/th><td>track&emsp;<\\/td><\\/tr><tr><td>2<\\/td><th>segId&emsp;<\\/th><td>312208000-2024-02-03T06:15:37.000000Z&emsp;<\\/td><\\/tr><tr><td>3<\\/td><th>coordinateProperties&emsp;<\\/th><td>{ \\\"courses\\\": [ 220.40000000000001, 216.59999999999999, 237.80000000000001, 235.69999999999999, 227.69999999999999, 239.69999999999999, 359.19999999999999, 151.5, 169.5, 167.19999999999999, 184.09999999999999, 159 ], \\\"times\\\": [ 1706940937000, 1706942947000, 1706947386000, 1706961756000, 1706964785000, 1706984528000, 1707034996000, 1707036169000, 1707049354000, 1707091523000, 1707117020000, 1707154533000 ], \\\"speeds\\\": [ 11.4, 10.800000000000001, 10.6, 8.9000000000000004, 9, 9.5, 3.7000000000000002, 1.6000000000000001, 1.8, 0.80000000000000004, 1.2, 0.90000000000000002 ], \\\"fishing\\\": [ null, null, null, null, null, null, null, null, null, null, null, null ] }&emsp;<\\/td><\\/tr><tr><td>4<\\/td><th>geometry&emsp;<\\/th><td>sfc_LINESTRING&emsp;<\\/td><\\/tr><\\/table><\\/div>\",\"<div class='scrollableContainer'><table class=mapview-popup id='popup'><tr class='coord'><td><\\/td><th><b>Feature ID&emsp;<\\/b><\\/th><td>3&emsp;<\\/td><\\/tr><tr><td>1<\\/td><th>type&emsp;<\\/th><td>track&emsp;<\\/td><\\/tr><tr><td>2<\\/td><th>segId&emsp;<\\/th><td>312208000-2024-02-08T07:52:15.000000Z&emsp;<\\/td><\\/tr><tr><td>3<\\/td><th>coordinateProperties&emsp;<\\/th><td>{ \\\"courses\\\": [ 185.90000000000001, 19.100000000000001, 358, 182.80000000000001, 206, 313.89999999999998, 127.40000000000001, 142.19999999999999, 170.30000000000001, 171.69999999999999 ], \\\"times\\\": [ 1707378735000, 1707381239000, 1707393670000, 1707465542000, 1707507040000, 1707525850000, 1707568170000, 1707590649000, 1707630681000, 1707652950000 ], \\\"speeds\\\": [ 0.29999999999999999, 2.7999999999999998, 3.7000000000000002, 0.80000000000000004, 8.5, 1.3, 9, 1.5, 1.2, 1.8999999999999999 ], \\\"fishing\\\": [ null, null, null, null, null, null, null, null, null, null ] }&emsp;<\\/td><\\/tr><tr><td>4<\\/td><th>geometry&emsp;<\\/th><td>sfc_LINESTRING&emsp;<\\/td><\\/tr><\\/table><\\/div>\",\"<div class='scrollableContainer'><table class=mapview-popup id='popup'><tr class='coord'><td><\\/td><th><b>Feature ID&emsp;<\\/b><\\/th><td>4&emsp;<\\/td><\\/tr><tr><td>1<\\/td><th>type&emsp;<\\/th><td>track&emsp;<\\/td><\\/tr><tr><td>2<\\/td><th>segId&emsp;<\\/th><td>312208000-2024-02-14T22:00:43.000000Z&emsp;<\\/td><\\/tr><tr><td>3<\\/td><th>coordinateProperties&emsp;<\\/th><td>{ \\\"courses\\\": [ 262.80000000000001, 214.90000000000001, 233.69999999999999, 338.60000000000002, 271.19999999999999, 186.09999999999999, 318.19999999999999, 292.69999999999999 ], \\\"times\\\": [ 1707948043000, 1707950132000, 1707951954000, 1707954014000, 1707955931000, 1708025589000, 1708086981000, 1708088810000 ], \\\"speeds\\\": [ 1, 0.20000000000000001, 0.90000000000000002, 0.69999999999999996, 0.80000000000000004, 1.1000000000000001, 1.1000000000000001, 0.20000000000000001 ], \\\"fishing\\\": [ null, null, null, null, null, null, null, null ] }&emsp;<\\/td><\\/tr><tr><td>4<\\/td><th>geometry&emsp;<\\/th><td>sfc_LINESTRING&emsp;<\\/td><\\/tr><\\/table><\\/div>\",\"<div class='scrollableContainer'><table class=mapview-popup id='popup'><tr class='coord'><td><\\/td><th><b>Feature ID&emsp;<\\/b><\\/th><td>5&emsp;<\\/td><\\/tr><tr><td>1<\\/td><th>type&emsp;<\\/th><td>track&emsp;<\\/td><\\/tr><tr><td>2<\\/td><th>segId&emsp;<\\/th><td>312208000-2024-03-05T06:35:58.000000Z&emsp;<\\/td><\\/tr><tr><td>3<\\/td><th>coordinateProperties&emsp;<\\/th><td>{ \\\"courses\\\": [ 102.7, 38.799999999999997 ], \\\"times\\\": [ 1709708019000, 1709710599000 ], \\\"speeds\\\": [ 3.7999999999999998, 1 ], \\\"fishing\\\": [ null, null ] }&emsp;<\\/td><\\/tr><tr><td>4<\\/td><th>geometry&emsp;<\\/th><td>sfc_LINESTRING&emsp;<\\/td><\\/tr><\\/table><\\/div>\",\"<div class='scrollableContainer'><table class=mapview-popup id='popup'><tr class='coord'><td><\\/td><th><b>Feature ID&emsp;<\\/b><\\/th><td>6&emsp;<\\/td><\\/tr><tr><td>1<\\/td><th>type&emsp;<\\/th><td>track&emsp;